{"cameraMode":{"drawMode":0,"name":"Shaded","section":"Shading Mode"},"sceneLighting":false,"audioPlay":false,"sceneViewState":{"m_AlwaysRefresh":false,"showFog":true,"showSkybox":false,"showFlares":true,"showImageEffects":true,"showParticleSystems":true,"showVisualEffectGraphs":true,"m_FxEnabled":true},"in2DMode":false,"pivot":{"x":-0.02377571165561676,"y":0.027548253536224366,"z":-0.00391252338886261},"rotation":{"x":0.29151642322540285,"y":0.0017309774411842228,"z":-0.0005308644031174481,"w":0.9565715789794922},"size":0.38438257575035097,"orthographic":true}