{"cameraMode":{"drawMode":0,"name":"Shaded","section":"Shading Mode"},"sceneLighting":true,"audioPlay":false,"sceneViewState":{"m_AlwaysRefresh":false,"showFog":true,"showSkybox":true,"showFlares":true,"showImageEffects":true,"showParticleSystems":true,"showVisualEffectGraphs":true,"m_FxEnabled":true},"in2DMode":false,"pivot":{"x":861.9500732421875,"y":300.0489501953125,"z":-12.459121704101563},"rotation":{"x":0.29151642322540285,"y":0.0017309774411842228,"z":-0.0005308644031174481,"w":0.9565715789794922},"size":88.8843994140625,"orthographic":true}